State,Code,Year,MurderRate,DeathPenalty,Population,EstBlackPercent,UrbanPercent,AvgEducation,EducEquity,AvgIdeology,CitizenIdeology,EliteIdeology,DemUpperControl,DemLowerControl,UnifiedGov
Alabama,1,1985,9.8000002,1,4021,25.816481,60,11.60314,89,33.349998,27.877131,38.416672,1,1,1
Alabama,1,1986,10.1,1,4051,25.80814,60,11.71014,89,34.799999,37.791248,49.75,1,1,1
Alabama,1,1987,9.3000002,1,4084,25.799789,60,11.81713,89,34.799999,38.516708,34.42857,1,1,0
Alabama,1,1988,9.8999996,1,4102,25.791451,60,11.92413,89,35.990002,45.029911,40.94643,1,1,0
Alabama,1,1989,10.2,1,4030,25.7831,60,12.03113,89,35.990002,37.472172,31.73214,1,1,0
Alabama,1,1990,11.6,1,4041,25.774759,56.799999,12.13812,89,38.119999,33.83577,29.285721,1,1,0
Alabama,1,1991,11.5,1,4089,25.766411,56.799999,12.24607,89,38.119999,39.809151,33.01786,1,1,0
Alabama,1,1992,11,1,4131,25.75807,56.799999,12.35498,89,39.299999,39.622028,34.57143,1,1,0
Alabama,1,1993,11.6,1,4181,25.74972,56.799999,12.46485,89,39.299999,39.01672,55.133331,1,1,0
Alabama,1,1994,11.9,1,4219,25.741381,56.799999,12.57571,89,40.299999,39.415359,60.25,1,1,0
Alaska,2,1985,9.8000002,0,533,3.4141669,64.300003,13.14187,69,42.380001,38.52906,51.861858,0,1,0
Alaska,2,1986,8.6000004,0,544,3.4424441,64.300003,13.19961,69,42.380001,44.195381,56.450878,0,1,0
Alaska,2,1987,10.1,0,539,3.4707201,64.300003,13.25734,69,42.380001,47.606869,60.937241,0,1,0
Alaska,2,1988,5.6999998,0,542,3.498996,64.300003,13.31507,69,42.380001,48.03413,63.18869,0,1,0
Alaska,2,1989,8,0,547,3.527272,64.300003,13.37281,69,42.380001,39.92857,54.861069,0,1,0
Alaska,2,1990,7.5,0,550,3.555548,61,13.43054,69,42.380001,50.346779,61.29348,0,1,0
Alaska,2,1991,7.4000001,0,570,3.5838251,61,13.48852,69,42.380001,42.252609,49.828159,0.5,1,0
Alaska,2,1992,7.5,0,587,3.6121011,61,13.54675,69,42.380001,46.582512,54.597309,0.5,1,0
Alaska,2,1993,9,0,598,3.640377,61,13.60524,69,42.380001,46.05986,50.895229,0,0.5,0
Alaska,2,1994,6.3000002,0,606,3.668653,61,13.66397,69,41.77,32.85638,40.55368,0,0.5,0
Arizona,3,1985,8,1,3161,2.908592,83.800003,12.65567,74,31.379999,33.112549,36.875,0,0,0
Arizona,3,1986,9.3000002,1,3280,2.946552,83.800003,12.73412,74,31.379999,35.244091,39.049999,0,0,0
Arizona,3,1987,7.5,1,3400,2.9845121,83.800003,12.81257,74,31.379999,38.00145,6.900002,0,0,0
Arizona,3,1988,8.5,1,3489,3.0224719,83.800003,12.89102,74,37.41,37.737202,36.380001,0,0,0
Arizona,3,1989,6.6999998,1,3622,3.060432,83.800003,12.96947,74,37.41,37.225971,48.31834,0,0,0
Arizona,3,1990,7.6999998,1,3665,3.098392,86.5,13.04791,74,29.809999,38.652012,47.330002,0,0,0
Arizona,3,1991,7.8000002,1,3750,3.1363521,86.5,13.12684,74,29.809999,35.661991,31.42667,1,0,0
Arizona,3,1992,8.1000004,1,3835,3.1743121,86.5,13.20624,74,29.809999,43.210171,33.959999,1,0,0
Arizona,3,1993,8.6000004,1,3945,3.2122719,86.5,13.28612,74,29.809999,39.20747,7.618753,0,0,1
Arizona,3,1994,10.5,1,4075,3.250232,86.5,13.36648,74,25.32,33.25238,7.5500031,0,0,1
Arkansas,4,1985,7.9000001,1,2360,16.369749,51.599998,11.52834,83,41.459999,46.153221,66.599998,1,1,1
Arkansas,4,1986,8.1000004,1,2371,16.31863,51.599998,11.6349,83,46.439999,40.696671,62.400002,1,1,1
Arkansas,4,1987,7.5999999,1,2388,16.267521,51.599998,11.74147,83,46.439999,50.925331,74,1,1,1
Arkansas,4,1988,8.6999998,1,2395,16.21641,51.599998,11.84803,83,50.029999,56.596329,80.599998,1,1,1
Arkansas,4,1989,8.3999996,1,2346,16.1653,51.599998,11.9546,83,50.029999,53.948101,78.75,1,1,1
Arkansas,4,1990,10.3,1,2351,16.114189,52,12.06116,83,50.029999,41.137539,62.375,1,1,1
Arkansas,4,1991,11.1,1,2372,16.06308,52,12.16867,83,50.029999,40.27739,63.900002,1,1,1
Arkansas,4,1992,10.8,1,2395,16.011971,52,12.27715,83,51.200001,45.694469,76,1,1,1
Arkansas,4,1993,10.2,1,2426,15.96085,52,12.38659,83,51.200001,42.232029,70.75,1,1,1
Arkansas,4,1994,12,1,2453,15.90974,52,12.497,83,51.200001,40.295879,64.875,1,1,1
California,5,1985,10.5,1,26353,7.8067498,91.300003,12.80108,65,75.650002,50.979271,47.7327,1,1,0
California,5,1986,11.3,1,26977,7.805624,91.300003,12.86666,65,63.93,51.10915,47.407169,1,1,1
California,5,1987,10.6,1,27653,7.8044982,91.300003,12.93224,65,63.93,53.229679,45.614189,1,1,0
California,5,1988,10.4,1,28314,7.803371,91.300003,12.99782,65,42,56.605179,48.8797,1,1,0
California,5,1989,10.9,1,28218,7.8022451,91.300003,13.0634,65,42,55.777328,50.86441,1,1,0
California,5,1990,11.9,1,29760,7.8011189,93.699997,13.12898,65,42.18,53.49765,48.844292,1,1,0
California,5,1991,12.7,1,30380,7.799993,93.699997,13.19489,65,42.18,51.67017,48.406559,1,1,0
California,5,1992,12.7,1,30909,7.7988672,93.699997,13.26113,65,42.400002,52.472,48.919651,1,1,0
California,5,1993,13.1,1,31217,7.79774,93.699997,13.3277,65,42.400002,53.25452,49.397018,1,1,0
California,5,1994,11.8,1,31431,7.7966142,93.699997,13.39461,65,33.59,48.930889,43.749199,1,1,0
Colorado,6,1985,5.8000002,1,3232,3.7636149,80.599998,13.22339,82,40.540001,39.416199,45.133331,0,0,0
Colorado,6,1986,7,1,3265,3.8070159,80.599998,13.29315,82,44.990002,42.599709,48.01667,0,0,0
Colorado,6,1987,5.8000002,1,3293,3.8504169,80.599998,13.3629,82,44.990002,42.35664,45.375,0,0,0
Colorado,6,1988,5.6999998,1,3301,3.8938179,80.599998,13.43265,82,44.799999,51.123871,52.9375,0,0,0
Colorado,6,1989,4.4000001,1,3276,3.9372189,80.599998,13.50241,82,44.799999,45.977489,46.75,0,0,0
Colorado,6,1990,4.1999998,1,3294,3.9806211,83.800003,13.57216,82,44.799999,44.102509,44.1875,0,0,0
Colorado,6,1991,5.9000001,1,3377,4.0240221,83.800003,13.64228,82,44.799999,46.33654,46.834621,0,0,0
Colorado,6,1992,6.1999998,1,3463,4.0674229,83.800003,13.71275,82,44.799999,47.75729,48.104809,0,0,0
Colorado,6,1993,5.8000002,1,3564,4.1108251,83.800003,13.78359,82,44.799999,42.86269,56.388062,0,0,0
Colorado,6,1994,5.4000001,1,3656,4.1542258,83.800003,13.8548,82,46.5,41.300812,54.141102,0,0,0
Connecticut,7,1985,3.8,1,3175,7.728025,78.800003,12.80575,72,66.980003,70.426033,71.418877,0,0,0
Connecticut,7,1986,4.5999999,1,3194,7.832974,78.800003,12.9047,72,76.889999,79.121964,79.204643,0,0,1
Connecticut,7,1987,4.9000001,1,3212,7.937923,78.800003,13.00364,72,76.889999,77.973579,90.125,1,1,1
Connecticut,7,1988,5.4000001,1,3233,8.0428724,78.800003,13.10259,72,76.889999,81.913742,93.5,1,1,1
Connecticut,7,1989,5.9000001,1,3283,8.1478224,78.800003,13.20153,72,64.830002,72.487221,91.019287,1,1,1
Connecticut,7,1990,5.0999999,1,3287,8.2527714,87,13.30048,72,67.18,66.988129,85.626183,1,1,1
Connecticut,7,1991,5.6999998,1,3291,8.3577204,87,13.40016,72,67.18,61.638069,70.900497,1,1,0
Connecticut,7,1992,5.0999999,1,3279,8.4626694,87,13.5006,72,67.580002,66.204002,73.457512,1,1,0
Connecticut,7,1993,6.3000002,1,3278,8.5676193,87,13.60178,72,67.580002,62.474499,71.138313,1,1,0
Connecticut,7,1994,6.5999999,1,3275,8.6725683,87,13.70373,72,57.869999,55.51228,61.482552,1,1,0
Delaware,8,1985,4.8000002,1,618,16.91016,70.599998,12.56744,92,52.349998,46.20871,33.767681,1,0,0
Delaware,8,1986,4.9000001,1,626,17.168631,70.599998,12.65357,92,36.810001,48.824249,33.745121,1,0,0
Delaware,8,1987,5.0999999,1,637,17.427099,70.599998,12.73971,92,36.810001,59.77681,48.868599,1,0,0
Delaware,8,1988,5.1999998,1,648,17.68557,70.599998,12.82585,92,27.379999,48.765591,40.980789,1,0,0
Delaware,8,1989,5.0999999,1,660,17.94404,70.599998,12.91199,92,27.379999,49.569771,25.506399,1,0,0
Delaware,8,1990,5,1,658,18.202511,79.199997,12.99812,92,27.379999,57.284389,42.673779,1,0,0
Delaware,8,1991,5.4000001,1,666,18.460991,79.199997,13.08484,92,27.379999,55.069382,37.716461,1,0,0
Delaware,8,1992,4.5999999,1,690,18.71946,79.199997,13.17212,92,27.299999,59.661789,41.745731,1,0,0
Delaware,8,1993,5,1,698,18.97793,79.199997,13.26,92,27.299999,54.858509,73.263412,1,0,0
Delaware,8,1994,4.6999998,1,706,19.236401,79.199997,13.34846,92,38.07,54.824108,72.134758,1,0,0
Florida,9,1985,11.4,1,11367,13.71161,84.300003,12.31098,79,40.970001,38.587479,60,1,1,1
Florida,9,1986,11.7,1,11688,13.61936,84.300003,12.39747,79,43.639999,35.669258,56.846149,1,1,1
Florida,9,1987,11.4,1,12022,13.5271,84.300003,12.48395,79,43.639999,40.333389,37.35714,1,1,0
Florida,9,1988,11.4,1,12335,13.43484,84.300003,12.57043,79,40.5,41.697769,39.10714,1,1,0
Florida,9,1989,11.1,1,12638,13.34259,84.300003,12.65691,79,40.5,43.43346,41.22744,1,1,0
Florida,9,1990,10.7,1,12938,13.25033,88,12.74339,79,40.5,41.88308,40.13055,1,1,0
Florida,9,1991,9.3999996,1,13277,13.15807,88,12.83047,79,40.5,42.77663,66.560677,1,1,1
Florida,9,1992,9,1,13510,13.06582,88,12.91814,79,43.049999,44.751598,67.29409,1,1,1
Florida,9,1993,8.8999996,1,13726,12.97356,88,13.0064,79,43.049999,46.800961,70.402603,0.5,1,0
Florida,9,1994,8.3000002,1,13953,12.8813,88,13.09527,79,43.049999,42.85112,62.02034,0.5,1,0
Georgia,10,1985,10.4,1,5975,26.902599,62.400002,11.85983,86,33.220001,25.48201,34.388889,1,1,1
Georgia,10,1986,11.2,1,6101,26.9538,62.400002,11.9851,86,33.220001,23.633261,32.111111,1,1,1
Georgia,10,1987,11.8,1,6227,27.004999,62.400002,12.11036,86,33.220001,39.64835,55.25,1,1,1
Georgia,10,1988,11.7,1,6342,27.05619,62.400002,12.23562,86,33.669998,40.535549,57.950001,1,1,1
Georgia,10,1989,12.7,1,6411,27.107389,62.400002,12.36089,86,33.669998,31.893881,47.772732,1,1,1
Georgia,10,1990,11.8,1,6478,27.15859,68.699997,12.48615,86,35.599998,37.840889,47.409088,1,1,1
Georgia,10,1991,12.8,1,6623,27.209789,68.699997,12.61269,86,35.599998,36.408508,51.772732,1,1,1
Georgia,10,1992,11,1,6765,27.26099,68.699997,12.7405,86,35.599998,44.470661,61.81818,1,1,1
Georgia,10,1993,11.4,1,6902,27.312189,68.699997,12.86961,86,35.599998,38.067669,63.5625,1,1,1
Georgia,10,1994,10,1,7055,27.36339,68.699997,13.00003,86,43.369999,33.722832,57.4375,1,1,1
Hawaii,11,1985,4.0999999,0,1050,2.111747,86.5,12.62593,100,79.040001,66.762337,78.375,1,1,1
Hawaii,11,1986,4.8000002,0,1064,2.17751,86.5,12.69996,100,79.040001,48.54842,62.333328,1,1,1
Hawaii,11,1987,4.8000002,0,1082,2.243274,86.5,12.77399,100,79.040001,66.814774,86.166656,1,1,1
Hawaii,11,1988,4,0,1098,2.3090379,86.5,12.84801,100,79.040001,81.086906,89.5,1,1,1
Hawaii,11,1989,4.8000002,0,1095,2.3748021,86.5,12.92204,100,79.040001,69.372833,84.833344,1,1,1
Hawaii,11,1990,4,0,1108,2.4405651,90.5,12.99607,100,80.160004,72.074043,89.735626,1,1,1
Hawaii,11,1991,4,0,1135,2.5063291,90.5,13.07053,100,80.160004,77.952217,94.25,1,1,1
Hawaii,11,1992,3.5999999,0,1153,2.572093,90.5,13.14541,100,70.849998,74.957977,90.625,1,1,1
Hawaii,11,1993,3.8,0,1166,2.637856,90.5,13.22071,100,70.849998,82.22216,95.75,1,1,1
Hawaii,11,1994,4.1999998,0,1179,2.70362,90.5,13.29646,100,82.209999,76.733513,90.625,1,1,1
Idaho,12,1985,2.2,1,1005,0.30251849,54,12.74766,77,34.57,16.34495,20.16667,0,0,0
Idaho,12,1986,3.2,1,1003,0.30070359,54,12.81308,77,34.57,23.564569,27.66667,0,0,0
Idaho,12,1987,3.0999999,1,1000,0.29888871,54,12.87849,77,34.57,26.04162,29.66667,0,0,0
Idaho,12,1988,3.5999999,1,1003,0.2970739,54,12.94391,77,37.919998,29.32123,32.916672,0,0,0
Idaho,12,1989,2.5999999,1,994,0.295259,54,13.00933,77,37.919998,20.98237,24.85714,0,0,0
Idaho,12,1990,2.7,1,1007,0.2934441,62.200001,13.07475,77,35.150002,21.926929,23.22698,0,0,0
Idaho,12,1991,1.8,1,1039,0.2916292,62.200001,13.14049,77,35.150002,34.27623,39.40625,0,0,0
Idaho,12,1992,3.5,1,1066,0.28981441,62.200001,13.20657,77,35.150002,40.724609,48.8125,0,0,0
Idaho,12,1993,2.9000001,1,1100,0.28799951,62.200001,13.27298,77,35.150002,35.139061,39.916672,0,0,0
Idaho,12,1994,3.5,1,1133,0.28618461,62.200001,13.33972,77,38.650002,22.917299,27,0,0,0
Illinois,13,1985,8,1,11539,15.0472,83.300003,12.4908,70,37.189999,52.00581,41.712761,1,1,0
Illinois,13,1986,8.8999996,1,11553,15.06306,83.300003,12.59038,70,37.23,52.2901,40.288792,1,1,0
Illinois,13,1987,8.3000002,1,11584,15.07892,83.300003,12.68996,70,37.23,53.427841,42.072201,1,1,0
Illinois,13,1988,8.6000004,1,11614,15.09478,83.300003,12.78954,70,37.23,58.42329,48.334019,1,1,0
Illinois,13,1989,9,1,11410,15.11065,83.300003,12.88911,70,37.23,53.544289,41.383469,1,1,0
Illinois,13,1990,10.3,1,11431,15.12651,86.400002,12.98869,70,43.91,51.47366,38.205078,1,1,0
Illinois,13,1991,11.3,1,11543,15.14237,86.400002,13.08904,70,43.91,50.713749,39.48737,1,1,0
Illinois,13,1992,11.4,1,11610,15.15823,86.400002,13.19016,70,43.25,57.434761,47.805199,1,1,0
Illinois,13,1993,11.4,1,11686,15.17409,86.400002,13.29206,70,43.25,51.635681,29.23657,0,1,0
Illinois,13,1994,11.7,1,11752,15.18995,86.400002,13.39476,70,44.93,47.117691,28.70059,0,1,0
Indiana,14,1985,5.8000002,1,5500,7.824028,64.199997,12.2613,85,9.5799999,38.602791,9.7142878,0,0,1
Indiana,14,1986,6,1,5503,7.9025922,64.199997,12.35117,85,9.4899998,42.607029,11.92857,0,0,1
Indiana,14,1987,5.5999999,1,5530,7.9811568,64.199997,12.44104,85,9.4899998,47.429581,14.59,0,0,1
Indiana,14,1988,6.4000001,1,5556,8.059721,64.199997,12.5309,85,9.4899998,52.341339,17.466669,0,0,0
Indiana,14,1989,6.3000002,1,5524,8.1382856,64.199997,12.62077,85,9.4899998,47.27039,61.01685,0,0.5,0
Indiana,14,1990,6.1999998,1,5544,8.2168503,69.099998,12.71064,85,9.4899998,43.918308,53.856998,0,0,0
Indiana,14,1991,7.5,1,5610,8.2954149,69.099998,12.80115,85,9.4899998,46.148129,60.34375,0,1,0
Indiana,14,1992,8.1999998,1,5652,8.3739786,69.099998,12.89231,85,20.969999,49.886261,64.140633,0,1,0
Indiana,14,1993,7.5,1,5706,8.4525433,69.099998,12.98411,85,20.969999,46.361679,62.787998,0,1,0
Indiana,14,1994,7.9000001,1,5752,8.5311079,69.099998,13.07657,85,21.280001,35.487141,51.28743,0,1,0
Iowa,15,1985,1.9,0,2873,1.5892791,58.599998,12.49591,85,18.17,57.651749,58.108002,1,1,0
Iowa,15,1986,1.8,0,2840,1.623111,58.599998,12.57324,85,18.1,52.207699,52.639999,1,1,0
Iowa,15,1987,2.0999999,0,2823,1.656944,58.599998,12.65057,85,18.1,54.326061,55.023998,1,1,0
Iowa,15,1988,1.7,0,2834,1.690776,58.599998,12.72791,85,20.459999,61.033119,61.880001,1,1,0
Iowa,15,1989,1.9,0,2771,1.7246079,58.599998,12.80524,85,20.459999,49.645592,52.066669,1,1,0
Iowa,15,1990,1.9,0,2777,1.758441,59.400002,12.88257,85,23.030001,49.97662,52.083328,1,1,0
Iowa,15,1991,2,0,2795,1.792273,59.400002,12.96037,85,23.030001,50.021721,46.948002,1,1,0
Iowa,15,1992,1.6,0,2808,1.826105,59.400002,13.03863,85,23.030001,53.04253,51.438332,1,1,0
Iowa,15,1993,2.3,0,2821,1.859938,59.400002,13.11737,85,23.030001,46.271858,36.799999,1,0,0
Iowa,15,1994,1.7,0,2829,1.89377,59.400002,13.19659,85,22.35,42.37067,33.138,1,0,0
Kansas,16,1985,4.9000001,1,2448,5.5778871,66.699997,12.75828,75,28.42,30.491859,34.650002,0,0,0
Kansas,16,1986,4.4000001,1,2459,5.6051221,66.699997,12.83782,75,28.42,30.18224,34.474998,0,0,0
Kansas,16,1987,4.4000001,1,2475,5.6323581,66.699997,12.91736,75,28.42,35.771919,12.2896,0,0,1
Kansas,16,1988,3.4000001,1,2495,5.6595931,66.699997,12.9969,75,28.540001,44.158649,23.725599,0,0,1
Kansas,16,1989,5.5,1,2473,5.6868291,66.699997,13.07644,75,28.540001,33.905418,16.2229,0,0,1
Kansas,16,1990,4,1,2478,5.7140641,69.5,13.15599,75,21.309999,37.608219,21.342501,0,0,1
Kansas,16,1991,6.0999999,1,2495,5.7413001,69.5,13.23601,75,21.309999,33.406219,43.863998,0,1,0
Kansas,16,1992,6,1,2518,5.7685351,69.5,13.31652,75,21.280001,44.992069,58.636002,0,1,0
Kansas,16,1993,6.4000001,1,2535,5.7957711,69.5,13.39753,75,21.280001,37.52972,48.373501,0,0,0
Kansas,16,1994,5.8000002,1,2554,5.8230062,69.5,13.47902,75,22.16,31.99003,41.492001,0,0,0
Kentucky,17,1985,6.9000001,1,3724,7.1019492,50.900002,11.48456,88,47.700001,40.282558,62.5,1,1,1
Kentucky,17,1986,6.6999998,1,3722,7.0310369,50.900002,11.59614,88,44.279999,43.955502,68.800003,1,1,1
Kentucky,17,1987,7.5,1,3723,6.960125,50.900002,11.70772,88,44.279999,45.55233,77,1,1,1
Kentucky,17,1988,6.1999998,1,3727,6.8892131,50.900002,11.81929,88,48.52,48.79615,80.599998,1,1,1
Kentucky,17,1989,7.9000001,1,3677,6.8183012,50.900002,11.93087,88,48.52,38.977741,64,1,1,1
Kentucky,17,1990,7.1999998,1,3685,6.7473888,55.900002,12.04245,88,47.130001,39.090939,68.400002,1,1,1
Kentucky,17,1991,6.8000002,1,3713,6.676476,55.900002,12.15508,88,47.130001,38.34515,71.400002,1,1,1
Kentucky,17,1992,5.8000002,1,3753,6.6055651,55.900002,12.26875,88,44.720001,49.22155,77.800003,1,1,1
Kentucky,17,1993,6.5999999,1,3794,6.5346532,55.900002,12.38349,88,44.720001,44.370811,72.599998,1,1,1
Kentucky,17,1994,6.4000001,1,3827,6.4637399,55.900002,12.4993,88,45.400002,38.21991,62.5,1,1,1
Louisiana,18,1985,10.9,1,4484,30.028669,68.599998,11.63935,74,35.459999,31.698,51.5,1,1,1
Louisiana,18,1986,12.8,1,4497,30.265459,68.599998,11.74104,74,35.459999,34.928669,54.75,1,1,1
Louisiana,18,1987,11.1,1,4448,30.50226,68.599998,11.84272,74,35.459999,35.380669,59.92857,1,1,1
Louisiana,18,1988,11.6,1,4408,30.739059,68.599998,11.9444,74,37.080002,42.740311,69.25,1,1,1
Louisiana,18,1989,14.9,1,4253,30.975861,68.599998,12.04609,74,37.080002,31.28883,48.5,1,1,1
Louisiana,18,1990,17.200001,1,4220,31.21266,72.900002,12.14777,74,37.080002,29.79122,47,1,1,1
Louisiana,18,1991,16.9,1,4252,31.44945,72.900002,12.25031,74,37.080002,26.69841,27.78125,1,1,1
Louisiana,18,1992,17.4,1,4273,31.686251,72.900002,12.35372,74,37.82,37.882931,58.166672,1,1,1
Louisiana,18,1993,20.299999,1,4290,31.92305,72.900002,12.458,74,37.82,33.116501,64.083344,1,1,1
Louisiana,18,1994,19.799999,1,4315,32.159851,72.900002,12.56316,74,38,34.559849,59.333328,1,1,1
Maine,19,1985,2.4000001,0,1164,0.34300721,47.5,12.67415,84,53.98,54.62582,74.177261,1,1,1
Maine,19,1986,2,0,1171,0.35171959,47.5,12.80629,84,64.959999,63.299591,84.491829,1,1,1
Maine,19,1987,2.5,0,1186,0.36043209,47.5,12.93843,84,64.959999,70.652473,69.034393,1,1,0
Maine,19,1988,3.0999999,0,1205,0.3691445,47.5,13.07057,84,65.519997,78.231979,75.705467,1,1,0
Maine,19,1989,3.2,0,1220,0.377857,47.5,13.20271,84,65.519997,64.333908,61.092861,1,1,0
Maine,19,1990,2.4000001,0,1228,0.38656941,42.599998,13.33486,84,58.07,59.14975,57.01786,1,1,0
Maine,19,1991,1.2,0,1235,0.39528191,42.599998,13.46832,84,58.07,72.868027,71.75,1,1,0
Maine,19,1992,1.7,0,1237,0.40399441,42.599998,13.60312,84,57.43,69.503731,68.875,1,1,0
Maine,19,1993,1.6,0,1240,0.41270679,42.599998,13.73927,84,57.43,65.819862,64.132141,1,1,0
Maine,19,1994,2.3,0,1240,0.42141929,42.599998,13.87678,84,57.66,64.173859,63.73571,1,1,0
Maryland,20,1985,7.9000001,1,4391,24.177509,80.300003,12.59033,90,69.120003,63.335732,77.5,1,1,1
Maryland,20,1986,9,1,4461,24.50738,80.300003,12.73279,90,68.940002,64.842102,78,1,1,1
Maryland,20,1987,9.6000004,1,4536,24.83724,80.300003,12.87525,90,70.440002,73.536972,85.75,1,1,1
Maryland,20,1988,9.6999998,1,4622,25.16711,80.300003,13.01771,90,70.440002,77.68512,86.6875,1,1,1
Maryland,20,1989,11.6,1,4727,25.496969,80.300003,13.16017,90,76.379997,69.462181,78.6875,1,1,1
Maryland,20,1990,11.5,1,4781,25.826839,85,13.30263,90,77.769997,62.238689,75.625,1,1,1
Maryland,20,1991,11.7,1,4860,26.15671,85,13.44664,90,77.769997,64.214211,79.428574,1,1,1
Maryland,20,1992,12.1,1,4914,26.48657,85,13.5922,90,76.949997,66.264542,81.714287,1,1,1
Maryland,20,1993,12.7,1,4958,26.816441,85,13.73933,90,76.949997,67.71006,92.916656,1,1,1
Maryland,20,1994,11.6,1,5006,27.146311,85,13.88806,90,78.040001,62.335781,86.166656,1,1,1
Massachusetts,21,1985,3.5,0,5823,4.5262332,83.300003,12.60199,67,76.580002,90.101936,91.454536,1,1,1
Massachusetts,21,1986,3.5999999,0,5835,4.6451082,83.300003,12.6521,67,76.580002,88.162231,88.545464,1,1,1
Massachusetts,21,1987,3,0,5856,4.7639818,83.300003,12.70221,67,76.580002,89.101913,93.458344,1,1,1
Massachusetts,21,1988,3.5,0,5889,4.8828559,83.300003,12.75233,67,76.580002,93.911911,95.041656,1,1,1
Massachusetts,21,1989,4.3000002,0,6016,5.00173,83.300003,12.80244,67,76.580002,89.569992,92.875,1,1,1
Massachusetts,21,1990,4,0,6016,5.120605,90.5,12.85255,67,79.120003,88.297478,90.625,1,1,1
Massachusetts,21,1991,4.1999998,0,5996,5.2394791,90.5,12.90286,67,79.120003,81.329468,78.061371,1,1,0
Massachusetts,21,1992,3.5999999,0,5999,5.3583541,90.5,12.95337,67,79.120003,82.394272,80.383301,1,1,0
Massachusetts,21,1993,3.9000001,0,6018,5.4772282,90.5,13.00407,67,79.120003,72.336143,65.050003,1,1,0
Massachusetts,21,1994,3.5,0,6041,5.5961022,90.5,13.05497,67,79.120003,68.445587,60.575001,1,1,0
Michigan,22,1985,11.2,0,9088,13.58113,70.699997,12.44021,84,53.18,56.14579,68.551353,0,1,0
Michigan,22,1986,11.3,0,9143,13.76794,70.699997,12.52702,84,50.240002,63.248859,77.680382,0,1,0
Michigan,22,1987,12.2,0,9205,13.95476,70.699997,12.61384,84,50.41,64.020882,80.03257,0,1,0
Michigan,22,1988,10.8,0,9240,14.14157,70.699997,12.70066,84,48.330002,73.277863,84.815826,0,1,0
Michigan,22,1989,10.7,0,9253,14.32838,70.699997,12.78748,84,48.330002,59.964401,75.493668,0,1,0
Michigan,22,1990,10.4,0,9295,14.51519,75.199997,12.8743,84,48.330002,62.285801,74.443542,0,1,0
Michigan,22,1991,10.8,0,9368,14.70201,75.199997,12.9617,84,48.330002,60.901058,40.81361,0,1,0
Michigan,22,1992,9.8999996,0,9423,14.88882,75.199997,13.0497,84,48.029999,60.996651,43.106281,0,1,0
Michigan,22,1993,9.8000002,0,9460,15.07563,75.199997,13.1383,84,48.029999,52.387451,22.6451,0,0.5,1
Michigan,22,1994,9.8000002,0,9496,15.26245,75.199997,13.2275,84,48.029999,50.616581,24.119249,0,0.5,1
Minnesota,23,1985,2.0999999,0,4191,1.636426,66.900002,12.77464,82,37.200001,54.567139,73.800522,1,0,0
Minnesota,23,1986,2.5,0,4213,1.698252,66.900002,12.86104,82,37.200001,57.622978,76.200523,1,0,1
Minnesota,23,1987,2.5999999,0,4244,1.760078,66.900002,12.94744,82,37.200001,62.522388,87.800003,1,1,1
Minnesota,23,1988,2.9000001,0,4307,1.8219039,66.900002,13.03384,82,30.82,65.037033,90.099998,1,1,1
Minnesota,23,1989,2.5,0,4338,1.8837301,66.900002,13.12024,82,30.82,53.544579,84.285957,1,1,1
Minnesota,23,1990,2.7,0,4375,1.945556,69,13.20664,82,35.689999,58.374401,87.596718,1,1,0
Minnesota,23,1991,3,0,4432,2.0073819,69,13.29361,82,35.689999,55.568409,51.449181,1,1,0
Minnesota,23,1992,3.3,0,4474,2.0692079,69,13.38116,82,45.84,60.748371,56.189411,1,1,0
Minnesota,23,1993,3.4000001,0,4524,2.1310339,69,13.46928,82,45.84,59.09016,56.845242,1,1,0
Minnesota,23,1994,3.2,0,4567,2.1928599,69,13.55797,82,46.470001,46.81448,45.214291,1,1,0
Mississippi,24,1985,10.6,1,2613,35.848701,47.299999,11.50815,87,28.559999,28.269939,45,1,1,1
Mississippi,24,1986,11.2,1,2624,35.96344,47.299999,11.61323,87,31.040001,29.860041,45.625,1,1,1
Mississippi,24,1987,10.2,1,2624,36.078178,47.299999,11.7183,87,31.040001,41.2738,60.200001,1,1,1
Mississippi,24,1988,8.6000004,1,2620,36.192909,47.299999,11.82338,87,37.110001,45.656158,69.800003,1,1,1
Mississippi,24,1989,9.6999998,1,2574,36.307652,47.299999,11.92846,87,37.110001,39.357121,46.375,1,1,1
Mississippi,24,1990,12.2,1,2573,36.42239,49.099998,12.03354,87,36.279999,33.040989,44.099998,1,1,1
Mississippi,24,1991,12.8,1,2592,36.537121,49.099998,12.13954,87,36.279999,28.97686,36.299999,1,1,0
Mississippi,24,1992,12.3,1,2613,36.651859,49.099998,12.24648,87,35.34,35.79567,30.549999,1,1,0
Mississippi,24,1993,13.5,1,2640,36.766602,49.099998,12.35435,87,32.990002,31.38043,28.525,1,1,0
Mississippi,24,1994,15.3,1,2669,36.88134,49.099998,12.46318,87,33.169998,30.17848,28.950001,1,1,0
Missouri,25,1985,8.1000004,1,5036,10.6742,68.099998,12.20663,72,49.23,48.12841,46.14286,1,1,0
Missouri,25,1986,9.1999998,1,5066,10.63999,68.099998,12.30267,72,45.509998,50.539089,48.410709,1,1,0
Missouri,25,1987,8.3000002,1,5107,10.60579,68.099998,12.39872,72,45.509998,52.589951,49.941669,1,1,0
Missouri,25,1988,8,1,5141,10.57158,68.099998,12.49476,72,45.509998,56.531448,54.299999,1,1,0
Missouri,25,1989,7.9000001,1,5096,10.53738,68.099998,12.59081,72,45.509998,48.436359,46.35833,1,1,0
Missouri,25,1990,8.8000002,1,5117,10.50317,69.599998,12.68685,72,38.84,51.10075,49.575001,1,1,0
Missouri,25,1991,10.5,1,5158,10.46896,69.599998,12.78363,72,38.84,49.387451,48.291672,1,1,0
Missouri,25,1992,10.5,1,5193,10.43476,69.599998,12.88115,72,32.860001,56.2407,55.450001,1,1,0
Missouri,25,1993,11.3,1,5235,10.40055,69.599998,12.97941,72,32.860001,50.417931,81.824409,1,1,1
Missouri,25,1994,10.5,1,5278,10.36635,69.599998,13.07842,72,24.02,40.20359,69.451759,1,1,1
Montana,26,1985,5.8000002,1,825,0.24727809,52.900002,12.75638,80,46.169998,52.402828,73.145844,1,0.5,0
Montana,26,1986,2.9000001,1,817,0.2469046,52.900002,12.81929,80,51.439999,46.60358,69.186661,1,0.5,0
Montana,26,1987,4.0999999,1,809,0.2465312,52.900002,12.8822,80,51.439999,51.95388,62.834999,0.5,0,0
Montana,26,1988,2.5999999,1,805,0.24615771,52.900002,12.94511,80,52.259998,49.455002,62.845001,0.5,0,0
Montana,26,1989,2.9000001,1,800,0.24578419,52.900002,13.00802,80,52.259998,47.544411,20.182501,0,1,0
Montana,26,1990,4.9000001,1,799,0.2454107,56.400002,13.07093,80,51.540001,38.578701,20.01,0,1,0
Montana,26,1991,2.5999999,1,808,0.2450372,56.400002,13.13415,80,51.540001,40.7272,38.419998,1,1,0
Montana,26,1992,2.9000001,1,823,0.2446637,56.400002,13.19767,80,47.18,52.43169,50.09,1,1,0
Montana,26,1993,3,1,841,0.24429031,56.400002,13.2615,80,47.18,52.890091,39.959999,1,0,0
Montana,26,1994,3.3,1,856,0.24391679,56.400002,13.32563,80,42.450001,46.401711,31.459999,1,0,0
Nevada,28,1985,10.3,1,939,6.4999752,85.300003,12.69508,86,24.030001,36.11092,53.458729,1,0,0
Nevada,28,1986,12.6,1,966,6.5456748,85.300003,12.75122,86,20.790001,37.834061,58.025398,1,0,0
Nevada,28,1987,8.3999996,1,1006,6.5913749,85.300003,12.80736,86,20.790001,50.997471,68.441071,0,1,0
Nevada,28,1988,10.5,1,1054,6.6370749,85.300003,12.8635,86,20.790001,44.837769,60.939289,0,1,0
Nevada,28,1989,8.1999998,1,1137,6.682775,85.300003,12.91965,86,20.790001,42.578709,57.875,0,1,0
Nevada,28,1990,9.6999998,1,1202,6.7284751,87.400002,12.97579,86,22.16,37.252258,50.125,0,1,0
Nevada,28,1991,11.8,1,1284,6.7741752,87.400002,13.03217,86,22.16,40.80777,63.5508,1,1,0
Nevada,28,1992,10.9,1,1331,6.8198748,87.400002,13.0888,86,22.16,44.16613,64.541283,1,1,0
Nevada,28,1993,10.4,1,1382,6.8655748,87.400002,13.14568,86,22.16,44.75106,62.933731,0,1,0
Nevada,28,1994,11.7,1,1457,6.9112759,87.400002,13.2028,86,27.139999,46.02177,68.971031,0,1,0
New Hampshire,29,1985,2.0999999,1,998,0.48332009,52.200001,12.81556,80,28.790001,33.859772,13.5,0,0,1
New Hampshire,29,1986,2.2,1,1027,0.4850831,52.200001,12.90129,80,24.34,31.873751,8.125,0,0,1
New Hampshire,29,1987,3,1,1056,0.48684621,52.200001,12.98701,80,24.34,39.739422,14.625,0,0,1
New Hampshire,29,1988,2.3,1,1085,0.48860919,52.200001,13.07274,80,14.57,40.498249,13.875,0,0,1
New Hampshire,29,1989,3.3,1,1105,0.4903723,52.200001,13.15847,80,14.57,41.309509,14.375,0,0,1
New Hampshire,29,1990,1.9,1,1109,0.49213529,57.200001,13.24419,80,14.57,38.683929,14.75,0,0,1
New Hampshire,29,1991,3.5999999,1,1105,0.49389839,57.200001,13.33048,80,14.57,37.789291,16.080549,0,0,1
New Hampshire,29,1992,1.6,1,1114,0.49566141,57.200001,13.41732,80,14.77,48.09837,21.69306,0,0,1
New Hampshire,29,1993,2,1,1124,0.49742451,57.200001,13.50474,80,14.77,38.838791,12.63472,0,0,1
New Hampshire,29,1994,1.4,1,1137,0.4991875,57.200001,13.59272,80,14.77,31.144779,9.8250008,0,0,1
New Jersey,30,1985,5.4000001,1,7568,13.36991,89,12.48269,67,60.650002,67.213142,61.82975,1,1,0
New Jersey,30,1986,5.1999998,1,7625,13.75978,89,12.57071,67,59.77,71.431427,59.692921,1,0,0
New Jersey,30,1987,4.5999999,1,7674,14.14965,89,12.65873,67,59.77,69.921959,56.172279,1,0,0
New Jersey,30,1988,5.3000002,1,7721,14.53953,89,12.74675,67,59.77,72.591164,65.586113,1,0,0
New Jersey,30,1989,5.0999999,1,7726,14.9294,89,12.83477,67,59.77,62.412899,54.888851,1,0,0
New Jersey,30,1990,5.5999999,1,7730,15.31928,93.5,12.9228,67,59.77,59.238331,81.389587,1,1,0
New Jersey,30,1991,5.1999998,1,7760,15.70915,93.5,13.01142,67,59.77,60.451191,77.361458,1,1,0
New Jersey,30,1992,5.0999999,1,7813,16.09902,93.5,13.10066,67,59.77,64.978317,64.891663,0,0,0
New Jersey,30,1993,5.3000002,1,7859,16.488899,93.5,13.1905,67,59.77,61.49353,61.777779,0,0,0
New Jersey,30,1994,5,1,7904,16.878771,93.5,13.28096,67,59.77,49.117142,19.58334,0,0,0
New Mexico,31,1985,10.9,1,1450,1.9549839,72.099998,12.45262,71,35.32,37.271629,66.21875,0,1,0
New Mexico,31,1986,11.5,1,1477,1.958583,72.099998,12.5517,71,35.32,39.876308,66.329567,0,1,0
New Mexico,31,1987,10.1,1,1496,1.962182,72.099998,12.65078,71,35.32,46.89851,41.21875,0.5,1,0
New Mexico,31,1988,11.5,1,1507,1.96578,72.099998,12.74987,71,51.290001,49.02607,42.96875,0.5,1,0
New Mexico,31,1989,8.6000004,1,1504,1.9693789,72.099998,12.84895,71,51.290001,42.87447,44.708328,1,1,0
New Mexico,31,1990,9.1999998,1,1515,1.972978,75,12.94803,71,51.290001,43.988731,45.192059,1,1,0
New Mexico,31,1991,10.5,1,1548,1.976577,75,13.04787,71,51.290001,39.72353,68.5,1,1,1
New Mexico,31,1992,8.8999996,1,1581,1.980176,75,13.14849,71,47.5,51.294601,78.75,1,1,1
New Mexico,31,1993,8,1,1616,1.983775,75,13.24988,71,47.5,41.211819,77.5,1,1,1
New Mexico,31,1994,10.7,1,1654,1.9873739,75,13.35205,71,50.290001,39.57156,67,1,1,1
New York,32,1985,9.5,0,17767,15.2644,84.599998,12.48372,75,50.48,64.881317,76.260437,0,1,0
New York,32,1986,10.7,0,17805,15.5002,84.599998,12.58234,75,56.68,66.617683,76.288643,0,1,0
New York,32,1987,11.3,0,17835,15.73599,84.599998,12.68096,75,56.68,67.800957,76.843536,0,1,0
New York,32,1988,12.5,0,17909,15.97179,84.599998,12.77958,75,58.59,73.504494,80.664413,0,1,0
New York,32,1989,12.5,0,17983,16.207581,84.599998,12.8782,75,58.59,68.620033,80.427727,0,1,0
New York,32,1990,14.5,0,17990,16.443371,87.400002,12.97682,75,57.450001,71.249573,82.163162,0,1,0
New York,32,1991,14.2,0,18058,16.679171,87.400002,13.0762,75,57.450001,72.024963,81.324623,0,1,0
New York,32,1992,13.2,0,18095,16.914961,87.400002,13.17633,75,57.450001,72.005524,80.207191,0,1,0
New York,32,1993,13.3,0,18153,17.150749,87.400002,13.27724,75,57.450001,70.730942,81.767174,0,1,0
New York,32,1994,11.1,0,18169,17.386551,87.400002,13.37891,75,57.720001,62.308022,74.895233,0,1,0
North Carolina,33,1985,8.3000002,1,6258,22.276661,48,11.78146,90,30.41,28.79924,27.113091,1,1,0
North Carolina,33,1986,8.1000004,1,6327,22.29022,48,11.90814,90,31.540001,38.984459,36.5,1,1,0
North Carolina,33,1987,8.1000004,1,6409,22.303789,48,12.03483,90,31.540001,43.52301,40.534721,1,1,0
North Carolina,33,1988,7.8000002,1,6489,22.31735,48,12.16151,90,36.630001,47.96064,45.493061,1,1,0
North Carolina,33,1989,8.8999996,1,6565,22.330919,48,12.28819,90,36.630001,39.189751,37.847221,1,1,0
North Carolina,33,1990,10.7,1,6629,22.34449,57.799999,12.41487,90,39.049999,34.765759,33.444439,1,1,0
North Carolina,33,1991,11.4,1,6737,22.358049,57.799999,12.54286,90,39.049999,43.93531,42.418751,1,1,0
North Carolina,33,1992,10.6,1,6838,22.37162,57.799999,12.67217,90,41.439999,42.731468,41.424999,1,1,0
North Carolina,33,1993,11.3,1,6952,22.38518,57.799999,12.80281,90,41.439999,41.9207,73.8125,1,1,1
North Carolina,33,1994,10.9,1,7070,22.39875,57.799999,12.9348,90,41.439999,40.626652,72.75,1,1,1
North Dakota,34,1985,1,0,685,0.45066509,48.799999,12.39667,81,34.130001,65.008347,63.243401,0,0,0
North Dakota,34,1986,1,0,678,0.4517656,48.799999,12.48261,81,46.740002,74.933296,74.109444,0,0,0
North Dakota,34,1987,1.5,0,671,0.45286599,48.799999,12.56855,81,46.740002,68.70697,72.08699,1,0,0
North Dakota,34,1988,1.8,0,667,0.4539665,48.799999,12.65448,81,46.740002,69.118362,72.121513,1,0,0
North Dakota,34,1989,0.60000002,0,646,0.45506701,48.799999,12.74042,81,46.740002,59.91975,69.834824,1,0,0
North Dakota,34,1990,0.80000001,0,639,0.4561674,53.400002,12.82636,81,46.740002,55.160172,62.101429,1,0,0
North Dakota,34,1991,1.1,0,635,0.45726791,53.400002,12.91287,81,46.740002,59.274658,64.016441,1,0,0
North Dakota,34,1992,1.9,0,635,0.4583683,53.400002,12.99997,81,54.889999,65.360603,69.611549,1,0,0
North Dakota,34,1993,1.7,0,637,0.45946881,53.400002,13.08766,81,54.889999,58.5639,38.430229,1,0,0
North Dakota,34,1994,0.2,0,638,0.4605692,53.400002,13.17594,81,45.91,53.382751,34.876671,1,0,0
Ohio,35,1985,5.1999998,1,10774,10.43528,73.300003,12.3174,79,51.290001,46.926151,67.16243,0,1,0
Ohio,35,1986,5.5,1,10778,10.52895,73.300003,12.40148,79,41.459999,51.303501,71.355408,0,1,0
Ohio,35,1987,5.8000002,1,10816,10.62262,73.300003,12.48555,79,41.459999,49.42025,71.92881,0,1,0
Ohio,35,1988,5.4000001,1,10855,10.71629,73.300003,12.56962,79,37.610001,56.9991,76.285652,0,1,0
Ohio,35,1989,6,1,10829,10.80997,73.300003,12.65369,79,37.610001,50.37664,69.506821,0,1,0
Ohio,35,1990,6.0999999,1,10847,10.90364,77.5,12.73777,79,37.59,50.585579,67.808228,0,1,0
Ohio,35,1991,7.1999998,1,10939,10.99731,77.5,12.8224,79,37.59,50.903881,31.164419,0,1,0
Ohio,35,1992,6.5999999,1,11005,11.09099,77.5,12.90759,79,37.59,54.721951,37.838459,0,1,0
Ohio,35,1993,6,1,11061,11.18466,77.5,12.99335,79,37.59,47.978161,26.66782,0,1,0
Ohio,35,1994,6,1,11102,11.27833,77.5,13.07968,79,37.75,43.270409,24.027889,0,1,0
Oklahoma (Criminal),36,1985,7.6999998,1,3302,6.9774189,67.300003,12.30831,81,36.580002,25.836599,41.333328,1,1,1
Oklahoma (Criminal),36,1986,8.1000004,1,3300,7.0476041,67.300003,12.39535,81,37.779999,29.925671,46,1,1,1
Oklahoma (Criminal),36,1987,7.5,1,3259,7.1177878,67.300003,12.48239,81,37.779999,36.017391,30.41667,1,1,1
Oklahoma (Criminal),36,1988,7.4000001,1,3242,7.187973,67.300003,12.56943,81,37.779999,45.55534,40.26667,1,1,1
Oklahoma (Criminal),36,1989,6.5,1,3150,7.2581568,67.300003,12.65648,81,37.779999,30.50436,26.33333,1,1,1
Oklahoma (Criminal),36,1990,8,1,3146,7.328341,65.199997,12.74352,81,33.43,38.888691,32.933331,1,1,1
Oklahoma (Criminal),36,1991,7.1999998,1,3175,7.3985262,65.199997,12.83116,81,33.23,36.307232,53.5,1,1,1
Oklahoma (Criminal),36,1992,6.5,1,3206,7.4687099,65.199997,12.9194,81,32.279999,44.5154,65.400002,1,1,1
Oklahoma (Criminal),36,1993,8.3999996,1,3233,7.5388951,65.199997,13.00825,81,33.389999,31.62369,55.099998,1,1,1
Oklahoma (Criminal),36,1994,6.9000001,1,3258,7.6090789,65.199997,13.09771,81,35.810001,25.295441,48.25,1,1,1
Oregon,37,1985,4.6999998,1,2688,1.521852,67.900002,12.90701,79,45.369999,51.86124,50.34444,1,1,0
Oregon,37,1986,5,1,2703,1.54522,67.900002,12.97532,79,44.130001,58.701771,56.577782,1,1,1
Oregon,37,1987,5.5999999,1,2723,1.568588,67.900002,13.04362,79,44.130001,65.177368,82.22361,1,1,1
Oregon,37,1988,5.0999999,1,2767,1.591957,67.900002,13.11192,79,44.130001,64.695053,81.313889,1,1,1
Oregon,37,1989,4.8000002,1,2791,1.615325,67.900002,13.18022,79,44.130001,64.125504,85.166656,1,1,1
Oregon,37,1990,3.8,1,2842,1.638694,74.900002,13.24852,79,49.990002,63.74012,81.275002,1,1,0
Oregon,37,1991,4.5999999,1,2922,1.662062,74.900002,13.31717,79,49.990002,67.401787,78.596527,1,0,0
Oregon,37,1992,4.6999998,1,2975,1.685431,74.900002,13.38618,79,56.25,69.016029,78.839577,1,0,0
Oregon,37,1993,4.5999999,1,3035,1.708799,74.900002,13.45555,79,56.25,66.767883,79.239594,1,0,0
Oregon,37,1994,4.9000001,1,3086,1.732167,74.900002,13.52528,79,61.669998,59.54076,68.03125,1,0,0
Pennsylvania,38,1985,4.5999999,1,11865,9.1318293,69.300003,12.17783,79,49.93,57.097591,44.44138,0,1,0
Pennsylvania,38,1986,5.5,1,11895,9.1778049,69.300003,12.2704,79,49.93,64.719238,52.744678,0,1,0
Pennsylvania,38,1987,5.4000001,1,11942,9.2237806,69.300003,12.36298,79,49.93,63.529411,74.951553,0,1,0
Pennsylvania,38,1988,5.5,1,12001,9.2697563,69.300003,12.45556,79,49.93,65.743134,74.606552,0,1,0
Pennsylvania,38,1989,6.3000002,1,11866,9.315732,69.300003,12.54814,79,49.93,57.362019,69.572166,0,1,0
Pennsylvania,38,1990,6.6999998,1,11882,9.3617077,76.800003,12.64071,79,53.84,54.548149,66.826134,0,1,0
Pennsylvania,38,1991,6.3000002,1,11961,9.4076834,76.800003,12.73397,79,53.84,53.691669,66.373253,0,1,0
Pennsylvania,38,1992,6.1999998,1,11990,9.4536591,76.800003,12.82792,79,54.759998,57.380051,71.210831,0,1,0
Pennsylvania,38,1993,6.8000002,1,12030,9.4996347,76.800003,12.92257,79,54.759998,53.14867,71.458168,1,1,0
Pennsylvania,38,1994,5.9000001,1,12052,9.5456104,76.800003,13.01791,79,55.860001,47.93869,57.558739,0.3988764,1,0
Rhode Island,39,1985,3.5999999,0,967,3.666486,87,12.22204,65,76.349998,69.458412,67.125,1,1,0
Rhode Island,39,1986,3.5,0,975,3.721524,87,12.3339,65,76.349998,76.039978,75,1,1,0
Rhode Island,39,1987,3.5,0,986,3.776562,87,12.44576,65,76.349998,79.122772,79.5,1,1,0
Rhode Island,39,1988,4.0999999,0,993,3.8316009,87,12.55762,65,75.470001,91.56649,91.375,1,1,0
Rhode Island,39,1989,4.9000001,0,1001,3.8866401,87,12.66948,65,75.470001,66.607307,67,1,1,0
Rhode Island,39,1990,4.8000002,0,1003,3.941678,89.900002,12.78135,65,75.470001,68.34465,68.666656,1,1,0
Rhode Island,39,1991,3.7,0,1004,3.996717,89.900002,12.89419,65,75.470001,71.6931,90,1,1,1
Rhode Island,39,1992,3.5999999,0,1002,4.051755,89.900002,13.00804,65,75.470001,63.803989,86,1,1,1
Rhode Island,39,1993,3.9000001,0,1000,4.1067939,89.900002,13.12289,65,75.470001,69.371117,89.25,1,1,1
Rhode Island,39,1994,4.0999999,0,997,4.1618319,89.900002,13.23875,65,63.720001,62.01086,83.25,1,1,1
South Carolina,40,1985,9.1000004,1,3333,30.24789,54.099998,11.63463,89,36.200001,29.782829,48.875,1,1,1
South Carolina,40,1986,8.6000004,1,3381,30.236521,54.099998,11.75565,89,47.279999,37.95269,56.875,1,1,1
South Carolina,40,1987,9.3000002,1,3426,30.22514,54.099998,11.87667,89,47.279999,46.08828,43.200001,1,1,0
South Carolina,40,1988,9.3000002,1,3470,30.21376,54.099998,11.99769,89,47.279999,48.263378,46.716671,1,1,0
South Carolina,40,1989,9.1000004,1,3457,30.202391,54.099998,12.11871,89,47.279999,35.77919,34.099998,1,1,0
South Carolina,40,1990,11.2,1,3487,30.19101,61.5,12.23973,89,51.400002,39.15638,37.700001,1,1,0
South Carolina,40,1991,11.3,1,3560,30.17964,61.5,12.36196,89,51.400002,45.765839,44.25,1,1,0
South Carolina,40,1992,10.4,1,3595,30.168261,61.5,12.4854,89,54.990002,48.209709,46,1,1,0
South Carolina,40,1993,10.3,1,3630,30.156879,61.5,12.61009,89,54.990002,44.775501,45.762291,1,1,0
South Carolina,40,1994,9.6000004,1,3664,30.14551,61.5,12.73601,89,54.990002,41.654129,42.81036,1,1,0
South Dakota,41,1985,1.8,1,708,0.39155641,46.400002,12.4157,82,42.759998,36.087059,12.25,0,0,1
South Dakota,41,1986,4,1,708,0.40803361,46.400002,12.49598,82,40.220001,44.433189,20.25,0,0,1
South Dakota,41,1987,1.8,1,709,0.4245109,46.400002,12.57626,82,40.220001,60.743591,37.5,0,0,1
South Dakota,41,1988,3.0999999,1,713,0.44098809,46.400002,12.65654,82,35.709999,52.295231,14.5,0,0,1
South Dakota,41,1989,1.3,1,697,0.45746541,46.400002,12.73682,82,35.709999,63.953522,38.842861,0,0,1
South Dakota,41,1990,2,1,696,0.4739427,50.299999,12.8171,82,35.709999,46.352428,12.75,0,0,1
South Dakota,41,1991,1.7,1,703,0.49041989,50.299999,12.89789,82,35.709999,49.238171,12.71429,0,0,1
South Dakota,41,1992,0.60000002,1,709,0.50689721,50.299999,12.97918,82,29.98,53.37595,23.492861,0,0,1
South Dakota,41,1993,3.4000001,1,716,0.52337438,50.299999,13.06099,82,29.98,51.225208,22.85536,1,0,0
South Dakota,41,1994,1.4,1,721,0.53985173,50.299999,13.14331,82,29.98,42.3568,19.73036,1,0,0
Tennessee,42,1985,9,1,4766,15.95678,60.400002,11.65823,86,40.880001,45.506451,42.291672,1,1,0
Tennessee,42,1986,10.4,1,4800,15.96962,60.400002,11.76611,86,40.880001,48.384281,44.21875,1,1,1
Tennessee,42,1987,9.1000004,1,4855,15.98245,60.400002,11.87398,86,40.880001,48.74958,69.785713,1,1,1
Tennessee,42,1988,9.3999996,1,4895,15.99528,60.400002,11.98186,86,40.880001,52.447899,75.5625,1,1,1
Tennessee,42,1989,8.3999996,1,4854,16.00811,60.400002,12.08973,86,40.880001,48.130878,70.54158,1,1,1
Tennessee,42,1990,10.5,1,4877,16.020941,62.700001,12.19761,86,44.16,45.139938,69.709473,1,1,1
Tennessee,42,1991,11,1,4953,16.033779,62.700001,12.30645,86,44.16,43.880531,64.40947,1,1,1
Tennessee,42,1992,10.4,1,5021,16.04661,62.700001,12.41626,86,51.540001,48.56403,70.954674,1,1,1
Tennessee,42,1993,10.2,1,5094,16.059441,62.700001,12.52705,86,51.540001,43.014099,68.682823,1,1,1
Tennessee,42,1994,9.3000002,1,5175,16.072281,62.700001,12.63882,86,51.16,33.35421,49.224239,1,1,1
Texas (Criminal),43,1985,13,1,16382,11.78544,79.599998,12.17745,65,36.889999,33.685379,59.558819,1,1,1
Texas (Criminal),43,1986,13.5,1,16682,11.82329,79.599998,12.27816,65,38.220001,36.531269,63.277779,1,1,1
Texas (Criminal),43,1987,11.7,1,16781,11.86114,79.599998,12.37887,65,38.220001,39.029549,36.68449,1,1,0
Texas (Criminal),43,1988,12.1,1,16841,11.89899,79.599998,12.47958,65,38.82,41.220119,38.782089,1,1,0
Texas (Criminal),43,1989,11.9,1,16807,11.93684,79.599998,12.58029,65,38.82,31.08058,29.42243,1,1,0
Texas (Criminal),43,1990,14.1,1,16987,11.97469,81.199997,12.68099,65,35.5,35.842941,33.636108,1,1,0
Texas (Criminal),43,1991,15.3,1,17349,12.01254,81.199997,12.78251,65,35.5,32.214809,55.775002,1,1,1
Texas (Criminal),43,1992,12.7,1,17667,12.05039,81.199997,12.88484,65,35.27,42.26667,67.724998,1,1,1
Texas (Criminal),43,1993,11.9,1,18022,12.08824,81.199997,12.98798,65,34.549999,34.067841,64.046272,1,1,1
Texas (Criminal),43,1994,11,1,18378,12.12609,81.199997,13.09196,65,32.32,29.57403,55.170658,1,1,1
Utah,44,1985,3,1,1644,0.71066499,84.400002,13.19597,89,36.470001,27.56373,8.1999998,0,0,1
Utah,44,1986,3.2,1,1664,0.71102542,84.400002,13.25511,89,36.470001,27.12192,4.4000001,0,0,1
Utah,44,1987,3.3,1,1680,0.71138591,84.400002,13.31426,89,36.470001,37.891491,7,0,0,1
Utah,44,1988,2.8,1,1690,0.71174628,84.400002,13.37341,89,37.27,38.844311,9.25,0,0,1
Utah,44,1989,2.5999999,1,1706,0.71210682,84.400002,13.43256,89,37.27,33.02317,5.75,0,0,1
Utah,44,1990,3,1,1723,0.71246731,86.800003,13.49171,89,37.27,40.100651,12.75,0,0,1
Utah,44,1991,2.9000001,1,1770,0.71282768,86.800003,13.55112,89,37.27,30.26314,12.18778,0,0,1
Utah,44,1992,3,1,1811,0.71318817,86.800003,13.61079,89,37.27,34.243599,10.51889,0,0,1
Utah,44,1993,3.0999999,1,1860,0.71354872,86.800003,13.67072,89,37.27,29.53467,3,0,0,1
Utah,44,1994,2.9000001,1,1908,0.71390909,86.800003,13.73092,89,28.66,21.50691,1.666667,0,0,1
Vermont,45,1985,3.4000001,0,535,0.29393071,33.799999,12.78871,80,27.030001,63.576729,73.663757,1,0,0
Vermont,45,1986,2,0,540,0.30778301,33.799999,12.87516,80,43.360001,71.466537,81.705452,1,0,0
Vermont,45,1987,2.7,0,547,0.3216354,33.799999,12.96161,80,43.360001,78.285507,87.726669,1,1,0
Vermont,45,1988,2,0,557,0.33548781,33.799999,13.04805,80,43.360001,85.275993,91.763344,1,1,0
Vermont,45,1989,1.9,0,558,0.34934011,33.799999,13.1345,80,43.360001,71.357719,90.177094,1,1,0
Vermont,45,1990,2.3,0,563,0.3631925,40.200001,13.22095,80,57.200001,64.262619,70.974998,1,1,0
Vermont,45,1991,2.0999999,0,567,0.37704489,40.200001,13.30797,80,57.200001,76.992203,67.693237,0.5,1,0
Vermont,45,1992,2.0999999,0,571,0.39089721,40.200001,13.39556,80,66.849998,80.202377,87.972809,0.5,1,0
Vermont,45,1993,3.5999999,0,576,0.4047496,40.200001,13.48372,80,66.849998,72.538452,85.116669,0,1,0
Vermont,45,1994,1,0,580,0.41860199,40.200001,13.57247,80,66.849998,84.066208,93.020828,0,1,0
Virginia,46,1985,7.0999999,1,5704,19.034559,66,12.33956,87,23.389999,27.312731,42.75,1,1,1
Virginia,46,1986,7.0999999,1,5798,19.247351,66,12.45773,87,23.389999,28.23979,49.125,1,1,1
Virginia,46,1987,7.4000001,1,5914,19.46015,66,12.5759,87,28.389999,39.804749,62.299999,1,1,1
Virginia,46,1988,7.8000002,1,6015,19.672939,66,12.69406,87,22.860001,45.682621,74.125,1,1,1
Virginia,46,1989,7.9000001,1,6120,19.885731,66,12.81223,87,22.860001,33.014851,57.5,1,1,1
Virginia,46,1990,8.8000002,1,6187,20.09853,71.5,12.9304,87,37.970001,37.416309,57.833328,1,1,1
Virginia,46,1991,9.3000002,1,6286,20.311319,71.5,13.04965,87,37.970001,38.18021,57.285709,1,1,1
Virginia,46,1992,8.8000002,1,6389,20.524111,71.5,13.17001,87,37.970001,42.30402,59.144001,1,1,1
Virginia,46,1993,8.3000002,1,6473,20.73691,71.5,13.29148,87,37.970001,40.010639,66.93985,1,1,1
Virginia,46,1994,8.6999998,1,6552,20.949699,71.5,13.41406,87,38.16,35.97356,30.48826,1,1,0
Washington,47,1985,5.1999998,1,4407,2.826746,73.5,13.04914,78,37.009998,55.03355,75.545303,1,1,1
Washington,47,1986,5,1,4461,2.907012,73.5,13.12052,78,29.290001,58.799301,74.729797,1,1,0
Washington,47,1987,5.5999999,1,4542,2.987278,73.5,13.19189,78,29.290001,64.708939,83.479591,1,1,0
Washington,47,1988,5.6999998,1,4648,3.067544,73.5,13.26326,78,29.290001,69.204521,84.11055,1,1,0
Washington,47,1989,4.4000001,1,4746,3.14781,73.5,13.33464,78,29.290001,59.02803,81.620163,0,1,0
Washington,47,1990,4.9000001,1,4867,3.228076,79.900002,13.40601,78,38.41,54.983528,77.621643,0,1,0
Washington,47,1991,4.1999998,1,5018,3.308342,79.900002,13.47777,78,38.41,59.05965,77.981483,0,1,0
Washington,47,1992,5,1,5146,3.388608,79.900002,13.54991,78,42.73,64.992477,79.731003,0,1,0
Washington,47,1993,5.1999998,1,5259,3.468874,79.900002,13.62244,78,42.73,52.014568,83.698418,1,1,1
Washington,47,1994,5.5,1,5343,3.54914,79.900002,13.69535,78,43.290001,47.923199,77.326187,1,1,1
West Virginia,48,1985,3.8,0,1936,3.2777741,36.200001,11.5281,93,58.93,51.641029,43.077301,1,1,0
West Virginia,48,1986,5.9000001,0,1917,3.341975,36.200001,11.62222,93,59.93,62.594391,53.144581,1,1,0
West Virginia,48,1987,4.8000002,0,1898,3.406177,36.200001,11.71634,93,59.93,63.305981,49.951611,1,1,0
West Virginia,48,1988,4.9000001,0,1876,3.4703779,36.200001,11.81046,93,59.93,62.978649,53.636429,1,1,0
West Virginia,48,1989,6.5,0,1807,3.53458,36.200001,11.90458,93,59.93,58.287319,82.583344,1,1,1
West Virginia,48,1990,5.6999998,0,1793,3.5987811,46.900002,11.9987,93,62.150002,58.414711,81,1,1,1
West Virginia,48,1991,6.1999998,0,1801,3.662982,46.900002,12.09356,93,62.150002,56.861118,80.166656,1,1,1
West Virginia,48,1992,6.3000002,0,1807,3.7271841,46.900002,12.18918,93,62.150002,75.207764,88.333344,1,1,1
West Virginia,48,1993,6.9000001,0,1818,3.7913849,46.900002,12.28555,93,62.150002,63.29884,80.099998,1,1,1
West Virginia,48,1994,5.4000001,0,1822,3.855587,46.900002,12.38268,93,62.150002,63.023201,80.800003,1,1,1
Wisconsin,49,1985,2.8,0,4775,4.3818531,64.199997,12.43445,83,46.27,51.95657,76.044907,1,1,1
Wisconsin,49,1986,3.0999999,0,4784,4.5015821,64.199997,12.51484,83,46.27,47.146389,72.327133,1,1,1
Wisconsin,49,1987,3.5,0,4807,4.6213121,64.199997,12.59522,83,46.27,51.166901,47.188641,1,1,0
Wisconsin,49,1988,3,0,4855,4.7410412,64.199997,12.67561,83,46.27,63.137859,59.98394,1,1,0
Wisconsin,49,1989,3.5999999,0,4857,4.8607712,64.199997,12.75599,83,46.27,50.46653,47.998009,1,1,0
Wisconsin,49,1990,4.5999999,0,4892,4.9805002,67.300003,12.83638,83,46.27,50.101269,47.464291,1,1,0
Wisconsin,49,1991,4.8000002,0,4955,5.1002302,67.300003,12.91727,83,46.27,51.912022,49.239239,1,1,0
Wisconsin,49,1992,4.4000001,0,4997,5.2199588,67.300003,12.99867,83,46.27,57.890461,54.671539,1,1,0
Wisconsin,49,1993,4.4000001,0,5044,5.3396888,67.300003,13.08058,83,46.27,57.003368,45.351021,0.54487169,1,0
Wisconsin,49,1994,4.5,0,5082,5.4594178,67.300003,13.16302,83,46.509998,51.33007,38.919949,0,1,0
Wyoming,50,1985,4.3000002,1,509,0.78502989,62.700001,12.89594,82,38.91,26.338381,38.276569,0,0,0
Wyoming,50,1986,5.3000002,1,507,0.80951327,62.700001,12.95303,82,37.029999,26.467251,37.404888,0,0,0
Wyoming,50,1987,2,1,490,0.83399671,62.700001,13.01013,82,37.029999,30.107981,39.106499,0,0,0
Wyoming,50,1988,2.5,1,479,0.85847998,62.700001,13.06722,82,37.029999,32.71949,41.417511,0,0,0
Wyoming,50,1989,4.4000001,1,458,0.8829633,62.700001,13.12432,82,37.029999,29.981501,37.64983,0,0,0
Wyoming,50,1990,4.9000001,1,454,0.90744668,67.099998,13.18142,82,36.950001,32.46978,37.97855,0,0,0
Wyoming,50,1991,3.3,1,460,0.93193001,67.099998,13.23876,82,36.950001,34.535419,38.71096,0,0,0
Wyoming,50,1992,3.5999999,1,464,0.95641333,67.099998,13.29635,82,36.950001,45.907459,50.18124,0,0,0
Wyoming,50,1993,3.4000001,1,470,0.98089671,67.099998,13.3542,82,36.950001,37.008438,42.529709,0,0,0
Wyoming,50,1994,3.4000001,1,476,1.00538,67.099998,13.4123,82,37.860001,34.18689,39.557011,0,0,0